{"cameraMode":{"drawMode":2,"name":"Shaded Wireframe","section":"Shading Mode"},"sceneLighting":true,"audioPlay":false,"sceneViewState":{"showFog":true,"showMaterialUpdate":false,"showSkybox":true,"showFlares":true,"showImageEffects":true,"showParticleSystems":true},"in2DMode":false,"pivot":{"x":-17.241384506225587,"y":6.2631988525390629,"z":16.161209106445314},"rotation":{"x":-0.4165489673614502,"y":-0.46093374490737917,"z":0.25960588455200198,"w":-0.7394284605979919},"size":19.203155517578126,"orthographic":false}