{"cameraMode":{"drawMode":0,"name":"Shaded","section":"Shading Mode"},"sceneLighting":true,"audioPlay":false,"sceneViewState":{"showFog":true,"showMaterialUpdate":false,"showSkybox":true,"showFlares":true,"showImageEffects":true,"showParticleSystems":true},"in2DMode":false,"pivot":{"x":-8.4378080368042,"y":11.985963821411133,"z":11.453990936279297},"rotation":{"x":0.08084119111299515,"y":0.9183405637741089,"z":-0.29347100853919985,"w":0.25297266244888308},"size":13.933025360107422,"orthographic":false}